,id,home_team,away_team,home_team_abv,away_team_abv,datetime
0,1022400001, New York Liberty,Washington Mystics,NYL,WAS,2024-05-14T15:00:00.000Z
1,1022400002, Indiana Fever,Connecticut Sun,IND,CON,2024-05-14T15:00:00.000Z
2,1022400003, Phoenix Mercury,Las Vegas Aces,PHX,LVA,2024-05-14T15:00:00.000Z
3,1022400004, Minnesota Lynx,Seattle Storm,MIN,SEA,2024-05-14T15:00:00.000Z
4,1022400005, Chicago Sky,Dallas Wings,CHI,DAL,2024-05-15T15:00:00.000Z
5,1022400006, Atlanta Dream,Los Angeles Sparks,ATL,LAS,2024-05-15T15:00:00.000Z
6,1022400007, New York Liberty,Indiana Fever,NYL,IND,2024-05-16T15:00:00.000Z
7,1022400008, Washington Mystics,Connecticut Sun,WAS,CON,2024-05-17T15:00:00.000Z
8,1022400009, Seattle Storm,Minnesota Lynx,SEA,MIN,2024-05-17T15:00:00.000Z
9,1022400010, Indiana Fever,New York Liberty,IND,NYL,2024-05-18T15:00:00.000Z
10,1022400011, Los Angeles Sparks,Las Vegas Aces,LAS,LVA,2024-05-18T15:00:00.000Z
11,1022400012, Chicago Sky,Dallas Wings,CHI,DAL,2024-05-18T15:00:00.000Z
12,1022400013, Atlanta Dream,Phoenix Mercury,ATL,PHX,2024-05-18T15:00:00.000Z
13,1022400014, Seattle Storm,Washington Mystics,SEA,WAS,2024-05-19T15:00:00.000Z
14,1022400015, Connecticut Sun,Indiana Fever,CON,IND,2024-05-20T15:00:00.000Z
15,1022400016, Seattle Storm,New York Liberty,SEA,NYL,2024-05-20T15:00:00.000Z
16,1022400017, Dallas Wings,Atlanta Dream,DAL,ATL,2024-05-21T15:00:00.000Z
17,1022400018, Phoenix Mercury,Las Vegas Aces,PHX,LVA,2024-05-21T15:00:00.000Z
18,1022400019, Washington Mystics,Los Angeles Sparks,WAS,LAS,2024-05-21T15:00:00.000Z
19,1022400020, Indiana Fever,Seattle Storm,IND,SEA,2024-05-22T15:00:00.000Z
20,1022400021, Minnesota Lynx,Connecticut Sun,MIN,CON,2024-05-23T15:00:00.000Z
21,1022400022, Chicago Sky,New York Liberty,CHI,NYL,2024-05-23T15:00:00.000Z
22,1022400023, Washington Mystics,Phoenix Mercury,WAS,PHX,2024-05-23T15:00:00.000Z
23,1022400024, Indiana Fever,Los Angeles Sparks,IND,LAS,2024-05-24T15:00:00.000Z
24,1022400025, New York Liberty,Minnesota Lynx,NYL,MIN,2024-05-25T15:00:00.000Z
25,1022400026, Connecticut Sun,Chicago Sky,CON,CHI,2024-05-25T15:00:00.000Z
26,1022400027, Indiana Fever,Las Vegas Aces,IND,LVA,2024-05-25T15:00:00.000Z
27,1022400028, Washington Mystics,Seattle Storm,WAS,SEA,2024-05-25T15:00:00.000Z
28,1022400029, Dallas Wings,Phoenix Mercury,DAL,PHX,2024-05-25T15:00:00.000Z
29,1022400030, Minnesota Lynx,Atlanta Dream,MIN,ATL,2024-05-26T15:00:00.000Z
30,1022400031, Dallas Wings,Los Angeles Sparks,DAL,LAS,2024-05-26T15:00:00.000Z
31,1022400032, Phoenix Mercury,Connecticut Sun,PHX,CON,2024-05-28T15:00:00.000Z
32,1022400033, Los Angeles Sparks,Indiana Fever,LAS,IND,2024-05-28T15:00:00.000Z
33,1022400034, Seattle Storm,Chicago Sky,SEA,CHI,2024-05-28T15:00:00.000Z
34,1022400035, Phoenix Mercury,New York Liberty,PHX,NYL,2024-05-29T15:00:00.000Z
35,1022400036, Atlanta Dream,Washington Mystics,ATL,WAS,2024-05-29T15:00:00.000Z
36,1022400037, Las Vegas Aces,Minnesota Lynx,LVA,MIN,2024-05-29T15:00:00.000Z
37,1022400038, Seattle Storm,Indiana Fever,SEA,IND,2024-05-30T15:00:00.000Z
38,1022400039, Los Angeles Sparks,Chicago Sky,LAS,CHI,2024-05-30T15:00:00.000Z
39,1022400040, Las Vegas Aces,Atlanta Dream,LVA,ATL,2024-05-31T15:00:00.000Z
40,1022400041, Dallas Wings,Connecticut Sun,DAL,CON,2024-05-31T15:00:00.000Z
41,1022400042, Washington Mystics,New York Liberty,WAS,NYL,2024-05-31T15:00:00.000Z
42,1022400043, Phoenix Mercury,Minnesota Lynx,PHX,MIN,2024-05-31T15:00:00.000Z
43,1022400044, Chicago Sky,Indiana Fever,CHI,IND,2024-06-01T15:00:00.000Z
44,1022400045, Connecticut Sun,Atlanta Dream,CON,ATL,2024-06-02T15:00:00.000Z
45,1022400046, Indiana Fever,New York Liberty,IND,NYL,2024-06-02T15:00:00.000Z
46,1022400047, Dallas Wings,Minnesota Lynx,DAL,MIN,2024-06-02T15:00:00.000Z
47,1022400048, Los Angeles Sparks,Phoenix Mercury,LAS,PHX,2024-06-02T15:00:00.000Z
48,1022400049, Washington Mystics,Connecticut Sun,WAS,CON,2024-06-04T15:00:00.000Z
49,1022400050, New York Liberty,Chicago Sky,NYL,CHI,2024-06-04T15:00:00.000Z
50,1022400051, Phoenix Mercury,Seattle Storm,PHX,SEA,2024-06-04T15:00:00.000Z
51,1022400052, Las Vegas Aces,Dallas Wings,LVA,DAL,2024-06-05T15:00:00.000Z
52,1022400053, Minnesota Lynx,Los Angeles Sparks,MIN,LAS,2024-06-05T15:00:00.000Z
53,1022400054, Chicago Sky,Washington Mystics,CHI,WAS,2024-06-06T15:00:00.000Z
54,1022400055, New York Liberty,Atlanta Dream,NYL,ATL,2024-06-06T15:00:00.000Z
55,1022400056, Indiana Fever,Washington Mystics,IND,WAS,2024-06-07T15:00:00.000Z
56,1022400057, Seattle Storm,Las Vegas Aces,SEA,LVA,2024-06-07T15:00:00.000Z
57,1022400058, Dallas Wings,Los Angeles Sparks,DAL,LAS,2024-06-07T15:00:00.000Z
58,1022400059, Minnesota Lynx,Phoenix Mercury,MIN,PHX,2024-06-07T15:00:00.000Z
59,1022400060, New York Liberty,Connecticut Sun,NYL,CON,2024-06-08T15:00:00.000Z
60,1022400061, Atlanta Dream,Chicago Sky,ATL,CHI,2024-06-08T15:00:00.000Z
61,1022400062, Washington Mystics,New York Liberty,WAS,NYL,2024-06-09T15:00:00.000Z
62,1022400063, Phoenix Mercury,Dallas Wings,PHX,DAL,2024-06-09T15:00:00.000Z
63,1022400064, Seattle Storm,Minnesota Lynx,SEA,MIN,2024-06-09T15:00:00.000Z
64,1022400065, Las Vegas Aces,Los Angeles Sparks,LVA,LAS,2024-06-09T15:00:00.000Z
65,1022400066, Indiana Fever,Connecticut Sun,IND,CON,2024-06-10T15:00:00.000Z
66,1022400067, Washington Mystics,Atlanta Dream,WAS,ATL,2024-06-11T15:00:00.000Z
67,1022400068, Minnesota Lynx,Las Vegas Aces,MIN,LVA,2024-06-11T15:00:00.000Z
68,1022400069, Los Angeles Sparks,Seattle Storm,LAS,SEA,2024-06-11T15:00:00.000Z
69,1022400070, Connecticut Sun,Chicago Sky,CON,CHI,2024-06-12T15:00:00.000Z
70,1022400071, Atlanta Dream,Indiana Fever,ATL,IND,2024-06-13T15:00:00.000Z
71,1022400072, Seattle Storm,Dallas Wings,SEA,DAL,2024-06-13T15:00:00.000Z
72,1022400073, Las Vegas Aces,Phoenix Mercury,LVA,PHX,2024-06-13T15:00:00.000Z
73,1022400074, Chicago Sky,Washington Mystics,CHI,WAS,2024-06-14T15:00:00.000Z
74,1022400075, Los Angeles Sparks,Minnesota Lynx,LAS,MIN,2024-06-14T15:00:00.000Z
75,1022400076, Connecticut Sun,Dallas Wings,CON,DAL,2024-06-15T15:00:00.000Z
76,1022400077, New York Liberty,Las Vegas Aces,NYL,LVA,2024-06-15T15:00:00.000Z
77,1022400078, Seattle Storm,Phoenix Mercury,SEA,PHX,2024-06-16T15:00:00.000Z
78,1022400079, Chicago Sky,Indiana Fever,CHI,IND,2024-06-16T15:00:00.000Z
79,1022400080, Los Angeles Sparks,Atlanta Dream,LAS,ATL,2024-06-16T15:00:00.000Z
80,1022400081, Dallas Wings,Minnesota Lynx,DAL,MIN,2024-06-17T15:00:00.000Z
81,1022400082, Los Angeles Sparks,Connecticut Sun,LAS,CON,2024-06-18T15:00:00.000Z
82,1022400083, New York Liberty,Phoenix Mercury,NYL,PHX,2024-06-18T15:00:00.000Z
83,1022400084, Washington Mystics,Indiana Fever,WAS,IND,2024-06-19T15:00:00.000Z
84,1022400085, Atlanta Dream,Minnesota Lynx,ATL,MIN,2024-06-19T15:00:00.000Z
85,1022400086, Seattle Storm,Las Vegas Aces,SEA,LVA,2024-06-19T15:00:00.000Z
86,1022400087, Dallas Wings,Chicago Sky,DAL,CHI,2024-06-20T15:00:00.000Z
87,1022400088, Los Angeles Sparks,New York Liberty,LAS,NYL,2024-06-20T15:00:00.000Z
88,1022400089, Indiana Fever,Atlanta Dream,IND,ATL,2024-06-21T15:00:00.000Z
89,1022400090, Connecticut Sun,Las Vegas Aces,CON,LVA,2024-06-21T15:00:00.000Z
90,1022400091, Dallas Wings,Washington Mystics,DAL,WAS,2024-06-22T15:00:00.000Z
91,1022400092, Los Angeles Sparks,New York Liberty,LAS,NYL,2024-06-22T15:00:00.000Z
92,1022400093, Phoenix Mercury,Minnesota Lynx,PHX,MIN,2024-06-22T15:00:00.000Z
93,1022400094, New York Liberty,Atlanta Dream,NYL,ATL,2024-06-23T15:00:00.000Z
94,1022400095, Dallas Wings,Washington Mystics,DAL,WAS,2024-06-23T15:00:00.000Z
95,1022400096, Indiana Fever,Chicago Sky,IND,CHI,2024-06-23T15:00:00.000Z
96,1022400097, Connecticut Sun,Seattle Storm,CON,SEA,2024-06-23T15:00:00.000Z
97,1022400098, Minnesota Lynx,Dallas Wings,MIN,DAL,2024-06-27T15:00:00.000Z
98,1022400099, Connecticut Sun,Washington Mystics,CON,WAS,2024-06-27T15:00:00.000Z
99,1022400100, Las Vegas Aces,Chicago Sky,LVA,CHI,2024-06-27T15:00:00.000Z
100,1022400101, Indiana Fever,Seattle Storm,IND,SEA,2024-06-27T15:00:00.000Z
101,1022400102, Atlanta Dream,Connecticut Sun,ATL,CON,2024-06-28T15:00:00.000Z
102,1022400103, Los Angeles Sparks,Phoenix Mercury,LAS,PHX,2024-06-28T15:00:00.000Z
103,1022400104, Las Vegas Aces,Washington Mystics,LVA,WAS,2024-06-29T15:00:00.000Z
104,1022400105, Dallas Wings,Seattle Storm,DAL,SEA,2024-06-29T15:00:00.000Z
105,1022400106, Atlanta Dream,New York Liberty,ATL,NYL,2024-06-30T15:00:00.000Z
106,1022400107, Minnesota Lynx,Chicago Sky,MIN,CHI,2024-06-30T15:00:00.000Z
107,1022400108, Indiana Fever,Phoenix Mercury,IND,PHX,2024-06-30T15:00:00.000Z
108,1022400109, Connecticut Sun,Phoenix Mercury,CON,PHX,2024-07-01T15:00:00.000Z
109,1022400110, Dallas Wings,Seattle Storm,DAL,SEA,2024-07-01T15:00:00.000Z
110,1022400111, Minnesota Lynx,New York Liberty,MIN,NYL,2024-07-02T15:00:00.000Z
111,1022400112, Chicago Sky,Atlanta Dream,CHI,ATL,2024-07-02T15:00:00.000Z
112,1022400113, Indiana Fever,Las Vegas Aces,IND,LVA,2024-07-02T15:00:00.000Z
113,1022400114, Washington Mystics,Los Angeles Sparks,WAS,LAS,2024-07-02T15:00:00.000Z
114,1022400115, Phoenix Mercury,Dallas Wings,PHX,DAL,2024-07-03T15:00:00.000Z
115,1022400116, Connecticut Sun,Minnesota Lynx,CON,MIN,2024-07-04T15:00:00.000Z
116,1022400117, Washington Mystics,Las Vegas Aces,WAS,LVA,2024-07-04T15:00:00.000Z
117,1022400118, Atlanta Dream,Dallas Wings,ATL,DAL,2024-07-05T15:00:00.000Z
118,1022400119, Las Vegas Aces,Los Angeles Sparks,LVA,LAS,2024-07-05T15:00:00.000Z
119,1022400120, Chicago Sky,Seattle Storm,CHI,SEA,2024-07-05T15:00:00.000Z
120,1022400121, New York Liberty,Indiana Fever,NYL,IND,2024-07-06T15:00:00.000Z
121,1022400122, Washington Mystics,Minnesota Lynx,WAS,MIN,2024-07-06T15:00:00.000Z
122,1022400123, Atlanta Dream,Connecticut Sun,ATL,CON,2024-07-07T15:00:00.000Z
123,1022400124, Dallas Wings,Las Vegas Aces,DAL,LVA,2024-07-07T15:00:00.000Z
124,1022400125, Chicago Sky,Seattle Storm,CHI,SEA,2024-07-07T15:00:00.000Z
125,1022400126, Phoenix Mercury,Los Angeles Sparks,PHX,LAS,2024-07-07T15:00:00.000Z
126,1022400127, Minnesota Lynx,Los Angeles Sparks,MIN,LAS,2024-07-09T15:00:00.000Z
127,1022400128, New York Liberty,Connecticut Sun,NYL,CON,2024-07-10T15:00:00.000Z
128,1022400129, Washington Mystics,Indiana Fever,WAS,IND,2024-07-10T15:00:00.000Z
129,1022400130, Atlanta Dream,Chicago Sky,ATL,CHI,2024-07-10T15:00:00.000Z
130,1022400131, Las Vegas Aces,Seattle Storm,LVA,SEA,2024-07-10T15:00:00.000Z
131,1022400132, Dallas Wings,Phoenix Mercury,DAL,PHX,2024-07-10T15:00:00.000Z
132,1022400133, Chicago Sky,New York Liberty,CHI,NYL,2024-07-11T15:00:00.000Z
133,1022400134, Las Vegas Aces,Atlanta Dream,LVA,ATL,2024-07-12T15:00:00.000Z
134,1022400135, Phoenix Mercury,Indiana Fever,PHX,IND,2024-07-12T15:00:00.000Z
135,1022400136, Minnesota Lynx,Seattle Storm,MIN,SEA,2024-07-12T15:00:00.000Z
136,1022400137, New York Liberty,Chicago Sky,NYL,CHI,2024-07-13T15:00:00.000Z
137,1022400138, Los Angeles Sparks,Dallas Wings,LAS,DAL,2024-07-13T15:00:00.000Z
138,1022400139, Phoenix Mercury,Connecticut Sun,PHX,CON,2024-07-14T15:00:00.000Z
139,1022400140, Las Vegas Aces,Washington Mystics,LVA,WAS,2024-07-14T15:00:00.000Z
140,1022400141, Atlanta Dream,Seattle Storm,ATL,SEA,2024-07-14T15:00:00.000Z
141,1022400142, Indiana Fever,Minnesota Lynx,IND,MIN,2024-07-14T15:00:00.000Z
142,1022400143, Phoenix Mercury,Washington Mystics,PHX,WAS,2024-07-16T15:00:00.000Z
143,1022400144, Seattle Storm,Los Angeles Sparks,SEA,LAS,2024-07-16T15:00:00.000Z
144,1022400145, Connecticut Sun,New York Liberty,CON,NYL,2024-07-16T15:00:00.000Z
145,1022400146, Chicago Sky,Las Vegas Aces,CHI,LVA,2024-07-16T15:00:00.000Z
146,1022400147, Atlanta Dream,Minnesota Lynx,ATL,MIN,2024-07-17T15:00:00.000Z
147,1022400148, Indiana Fever,Dallas Wings,IND,DAL,2024-07-17T15:00:00.000Z
148,1022400149, Phoenix Mercury,Chicago Sky,PHX,CHI,2024-08-15T15:00:00.000Z
149,1022400150, Washington Mystics,Minnesota Lynx,WAS,MIN,2024-08-15T15:00:00.000Z
150,1022400151, New York Liberty,Los Angeles Sparks,NYL,LAS,2024-08-15T15:00:00.000Z
151,1022400152, Seattle Storm,Atlanta Dream,SEA,ATL,2024-08-16T15:00:00.000Z
152,1022400153, Phoenix Mercury,Indiana Fever,PHX,IND,2024-08-16T15:00:00.000Z
153,1022400154, Connecticut Sun,Dallas Wings,CON,DAL,2024-08-16T15:00:00.000Z
154,1022400155, Minnesota Lynx,Washington Mystics,MIN,WAS,2024-08-17T15:00:00.000Z
155,1022400156, New York Liberty,Las Vegas Aces,NYL,LVA,2024-08-17T15:00:00.000Z
156,1022400157, Chicago Sky,Los Angeles Sparks,CHI,LAS,2024-08-17T15:00:00.000Z
157,1022400158, Connecticut Sun,Atlanta Dream,CON,ATL,2024-08-18T15:00:00.000Z
158,1022400159, Los Angeles Sparks,Las Vegas Aces,LAS,LVA,2024-08-18T15:00:00.000Z
159,1022400160, Seattle Storm,Indiana Fever,SEA,IND,2024-08-18T15:00:00.000Z
160,1022400161, Chicago Sky,Phoenix Mercury,CHI,PHX,2024-08-18T15:00:00.000Z
161,1022400162, Los Angeles Sparks,Connecticut Sun,LAS,CON,2024-08-20T15:00:00.000Z
162,1022400163, Dallas Wings,New York Liberty,DAL,NYL,2024-08-20T15:00:00.000Z
163,1022400164, Seattle Storm,Washington Mystics,SEA,WAS,2024-08-20T15:00:00.000Z
164,1022400165, Phoenix Mercury,Atlanta Dream,PHX,ATL,2024-08-21T15:00:00.000Z
165,1022400166, Minnesota Lynx,Las Vegas Aces,MIN,LVA,2024-08-21T15:00:00.000Z
166,1022400167, Dallas Wings,New York Liberty,DAL,NYL,2024-08-22T15:00:00.000Z
167,1022400168, Phoenix Mercury,Atlanta Dream,PHX,ATL,2024-08-23T15:00:00.000Z
168,1022400169, Chicago Sky,Connecticut Sun,CHI,CON,2024-08-23T15:00:00.000Z
169,1022400170, Los Angeles Sparks,Washington Mystics,LAS,WAS,2024-08-23T15:00:00.000Z
170,1022400171, Las Vegas Aces,Minnesota Lynx,LVA,MIN,2024-08-23T15:00:00.000Z
171,1022400172, Connecticut Sun,New York Liberty,CON,NYL,2024-08-24T15:00:00.000Z
172,1022400173, Indiana Fever,Minnesota Lynx,IND,MIN,2024-08-24T15:00:00.000Z
173,1022400174, Las Vegas Aces,Chicago Sky,LVA,CHI,2024-08-25T15:00:00.000Z
174,1022400175, Los Angeles Sparks,Dallas Wings,LAS,DAL,2024-08-25T15:00:00.000Z
175,1022400176, Indiana Fever,Atlanta Dream,IND,ATL,2024-08-26T15:00:00.000Z
176,1022400177, New York Liberty,Phoenix Mercury,NYL,PHX,2024-08-26T15:00:00.000Z
177,1022400178, Washington Mystics,Seattle Storm,WAS,SEA,2024-08-26T15:00:00.000Z
178,1022400179, Las Vegas Aces,Dallas Wings,LVA,DAL,2024-08-27T15:00:00.000Z
179,1022400180, Connecticut Sun,Indiana Fever,CON,IND,2024-08-28T15:00:00.000Z
180,1022400181, Washington Mystics,Chicago Sky,WAS,CHI,2024-08-28T15:00:00.000Z
181,1022400182, New York Liberty,Los Angeles Sparks,NYL,LAS,2024-08-28T15:00:00.000Z
182,1022400183, Minnesota Lynx,Phoenix Mercury,MIN,PHX,2024-08-28T15:00:00.000Z
183,1022400184, Atlanta Dream,Seattle Storm,ATL,SEA,2024-08-28T15:00:00.000Z
184,1022400185, Indiana Fever,Chicago Sky,IND,CHI,2024-08-30T15:00:00.000Z
185,1022400186, Minnesota Lynx,Dallas Wings,MIN,DAL,2024-08-30T15:00:00.000Z
186,1022400187, Atlanta Dream,Las Vegas Aces,ATL,LVA,2024-08-30T15:00:00.000Z
187,1022400188, New York Liberty,Seattle Storm,NYL,SEA,2024-08-30T15:00:00.000Z
188,1022400189, Connecticut Sun,Washington Mystics,CON,WAS,2024-08-31T15:00:00.000Z
189,1022400190, Seattle Storm,Connecticut Sun,SEA,CON,2024-09-01T15:00:00.000Z
190,1022400191, Chicago Sky,Minnesota Lynx,CHI,MIN,2024-09-01T15:00:00.000Z
191,1022400192, Indiana Fever,Dallas Wings,IND,DAL,2024-09-01T15:00:00.000Z
192,1022400193, Atlanta Dream,Los Angeles Sparks,ATL,LAS,2024-09-01T15:00:00.000Z
193,1022400194, Las Vegas Aces,Phoenix Mercury,LVA,PHX,2024-09-01T15:00:00.000Z
194,1022400195, Seattle Storm,Connecticut Sun,SEA,CON,2024-09-03T15:00:00.000Z
195,1022400196, Washington Mystics,Dallas Wings,WAS,DAL,2024-09-03T15:00:00.000Z
196,1022400197, Chicago Sky,Las Vegas Aces,CHI,LVA,2024-09-03T15:00:00.000Z
197,1022400198, Atlanta Dream,Phoenix Mercury,ATL,PHX,2024-09-03T15:00:00.000Z
198,1022400199, Los Angeles Sparks,Indiana Fever,LAS,IND,2024-09-04T15:00:00.000Z
199,1022400200, Seattle Storm,New York Liberty,SEA,NYL,2024-09-05T15:00:00.000Z
200,1022400201, Washington Mystics,Phoenix Mercury,WAS,PHX,2024-09-05T15:00:00.000Z
201,1022400202, Dallas Wings,Atlanta Dream,DAL,ATL,2024-09-06T15:00:00.000Z
202,1022400203, Las Vegas Aces,Connecticut Sun,LVA,CON,2024-09-06T15:00:00.000Z
203,1022400204, Minnesota Lynx,Indiana Fever,MIN,IND,2024-09-06T15:00:00.000Z
204,1022400205, Los Angeles Sparks,Chicago Sky,LAS,CHI,2024-09-06T15:00:00.000Z
205,1022400206, Phoenix Mercury,Seattle Storm,PHX,SEA,2024-09-07T15:00:00.000Z
206,1022400207, Minnesota Lynx,Washington Mystics,MIN,WAS,2024-09-08T15:00:00.000Z
207,1022400208, Atlanta Dream,Indiana Fever,ATL,IND,2024-09-08T15:00:00.000Z
208,1022400209, Las Vegas Aces,New York Liberty,LVA,NYL,2024-09-08T15:00:00.000Z
209,1022400210, Dallas Wings,Chicago Sky,DAL,CHI,2024-09-08T15:00:00.000Z
210,1022400211, Connecticut Sun,Los Angeles Sparks,CON,LAS,2024-09-08T15:00:00.000Z
211,1022400212, Minnesota Lynx,Atlanta Dream,MIN,ATL,2024-09-10T15:00:00.000Z
212,1022400213, New York Liberty,Dallas Wings,NYL,DAL,2024-09-10T15:00:00.000Z
213,1022400214, Connecticut Sun,Los Angeles Sparks,CON,LAS,2024-09-10T15:00:00.000Z
214,1022400215, Las Vegas Aces,Indiana Fever,LVA,IND,2024-09-11T15:00:00.000Z
215,1022400216, Washington Mystics,Chicago Sky,WAS,CHI,2024-09-11T15:00:00.000Z
216,1022400217, Seattle Storm,Los Angeles Sparks,SEA,LAS,2024-09-11T15:00:00.000Z
217,1022400218, New York Liberty,Dallas Wings,NYL,DAL,2024-09-12T15:00:00.000Z
218,1022400219, Washington Mystics,Atlanta Dream,WAS,ATL,2024-09-13T15:00:00.000Z
219,1022400220, Las Vegas Aces,Indiana Fever,LVA,IND,2024-09-13T15:00:00.000Z
220,1022400221, Seattle Storm,Dallas Wings,SEA,DAL,2024-09-13T15:00:00.000Z
221,1022400222, Chicago Sky,Minnesota Lynx,CHI,MIN,2024-09-13T15:00:00.000Z
222,1022400223, Connecticut Sun,Phoenix Mercury,CON,PHX,2024-09-13T15:00:00.000Z
223,1022400224, Dallas Wings,Indiana Fever,DAL,IND,2024-09-15T15:00:00.000Z
224,1022400225, Minnesota Lynx,New York Liberty,MIN,NYL,2024-09-15T15:00:00.000Z
225,1022400226, Atlanta Dream,Washington Mystics,ATL,WAS,2024-09-15T15:00:00.000Z
226,1022400227, Phoenix Mercury,Chicago Sky,PHX,CHI,2024-09-15T15:00:00.000Z
227,1022400228, Connecticut Sun,Las Vegas Aces,CON,LVA,2024-09-15T15:00:00.000Z
228,1022400229, Los Angeles Sparks,Seattle Storm,LAS,SEA,2024-09-15T15:00:00.000Z
229,1022400230, Minnesota Lynx,Connecticut Sun,MIN,CON,2024-09-17T15:00:00.000Z
230,1022400231, New York Liberty,Washington Mystics,NYL,WAS,2024-09-17T15:00:00.000Z
231,1022400232, Chicago Sky,Atlanta Dream,CHI,ATL,2024-09-17T15:00:00.000Z
232,1022400233, Phoenix Mercury,Los Angeles Sparks,PHX,LAS,2024-09-17T15:00:00.000Z
233,1022400234, Las Vegas Aces,Seattle Storm,LVA,SEA,2024-09-17T15:00:00.000Z
234,1022400235, Chicago Sky,Connecticut Sun,CHI,CON,2024-09-19T15:00:00.000Z
235,1022400236, Atlanta Dream,New York Liberty,ATL,NYL,2024-09-19T15:00:00.000Z
236,1022400237, Indiana Fever,Washington Mystics,IND,WAS,2024-09-19T15:00:00.000Z
237,1022400238, Los Angeles Sparks,Minnesota Lynx,LAS,MIN,2024-09-19T15:00:00.000Z
238,1022400239, Dallas Wings,Las Vegas Aces,DAL,LVA,2024-09-19T15:00:00.000Z
239,1022400240, Seattle Storm,Phoenix Mercury,SEA,PHX,2024-09-19T15:00:00.000Z
240,1032400001, USAB Women's National Team,Team WNBA, USAB Women's National Team,Team WNBA,2024-07-20T15:00:00.000Z
241,1042400101, Atlanta Dream,New York Liberty,ATL,NYL,2024-09-22T15:00:00.000Z
242,1042400102, Atlanta Dream,New York Liberty,ATL,NYL,2024-09-24T15:00:00.000Z
243,1042400111, Phoenix Mercury,Minnesota Lynx,PHX,MIN,2024-09-22T15:00:00.000Z
244,1042400112, Phoenix Mercury,Minnesota Lynx,PHX,MIN,2024-09-25T15:00:00.000Z
245,1042400121, Indiana Fever,Connecticut Sun,IND,CON,2024-09-22T15:00:00.000Z
246,1042400122, Indiana Fever,Connecticut Sun,IND,CON,2024-09-25T15:00:00.000Z
247,1042400131, Seattle Storm,Las Vegas Aces,SEA,LVA,2024-09-22T15:00:00.000Z
248,1042400132, Seattle Storm,Las Vegas Aces,SEA,LVA,2024-09-24T15:00:00.000Z
249,1042400201, Las Vegas Aces,New York Liberty,LVA,NYL,2024-09-29T15:00:00.000Z
250,1042400202, Las Vegas Aces,New York Liberty,LVA,NYL,2024-10-01T15:00:00.000Z
251,1042400203, New York Liberty,Las Vegas Aces,NYL,LVA,2024-10-04T15:00:00.000Z
252,1042400204, New York Liberty,Las Vegas Aces,NYL,LVA,2024-10-06T15:00:00.000Z
253,1042400211, Connecticut Sun,Minnesota Lynx,CON,MIN,2024-09-29T15:00:00.000Z
254,1042400212, Connecticut Sun,Minnesota Lynx,CON,MIN,2024-10-01T15:00:00.000Z
255,1042400213, Minnesota Lynx,Connecticut Sun,MIN,CON,2024-10-04T15:00:00.000Z
256,1042400214, Minnesota Lynx,Connecticut Sun,MIN,CON,2024-10-06T15:00:00.000Z
257,1042400215, Connecticut Sun,Minnesota Lynx,CON,MIN,2024-10-08T15:00:00.000Z
258,1042400301, Minnesota Lynx,New York Liberty,MIN,NYL,2024-10-10T15:00:00.000Z
259,1042400302, Minnesota Lynx,New York Liberty,MIN,NYL,2024-10-13T15:00:00.000Z
260,1042400303, New York Liberty,Minnesota Lynx,NYL,MIN,2024-10-16T15:00:00.000Z
261,1042400304, New York Liberty,Minnesota Lynx,NYL,MIN,2024-10-18T15:00:00.000Z
262,1042400305, Minnesota Lynx,New York Liberty,MIN,NYL,2024-10-20T15:00:00.000Z
